crv-up,44:1a:fa:16:3b:52,-60,2462,28.239749,114.924397,2025-04-02 13:34:01
vanguard,44:1a:fa:16:3b:53,-59,2462,28.239749,114.924397,2025-04-02 13:34:01
,44:1a:fa:16:44:b7,-71,2437,28.239749,114.924397,2025-04-02 13:34:01
vanguard,44:1a:fa:16:44:b3,-69,2437,28.239749,114.924397,2025-04-02 13:34:01
crv-up,44:1a:fa:16:44:b2,-72,2437,28.239749,114.924397,2025-04-02 13:34:01
crv-rf,44:1a:fa:16:44:b1,-71,2437,28.239749,114.924397,2025-04-02 13:34:01
,44:1a:fa:16:44:a6,-86,5745,28.239749,114.924397,2025-04-02 13:34:01
,44:1a:fa:16:44:a5,-86,5745,28.239749,114.924397,2025-04-02 13:34:01
,44:1a:fa:16:44:a7,-87,5745,28.239749,114.924397,2025-04-02 13:34:01
CRV-Scale,44:1a:fa:16:44:a4,-86,5745,28.239749,114.924397,2025-04-02 13:34:01
vanguard,44:1a:fa:16:44:a3,-85,5745,28.239749,114.924397,2025-04-02 13:34:01
CRV-Scale,44:1a:fa:16:48:74,-80,2437,28.239749,114.924397,2025-04-02 13:34:01
,44:1a:fa:16:49:e7,-83,5260,28.239749,114.924397,2025-04-02 13:34:01
,44:1a:fa:16:49:e6,-83,5260,28.239749,114.924397,2025-04-02 13:34:01
vanguard,44:1a:fa:16:3b:43,-53,5260,28.239749,114.924397,2025-04-02 13:34:01
,44:1a:fa:16:49:e5,-83,5260,28.239749,114.924397,2025-04-02 13:34:01
CRV-Scale,44:1a:fa:16:3b:44,-53,5260,28.239749,114.924397,2025-04-02 13:34:01
CRV-Scale,44:1a:fa:16:49:e4,-83,5260,28.239749,114.924397,2025-04-02 13:34:01
,44:1a:fa:16:3b:45,-55,5260,28.239749,114.924397,2025-04-02 13:34:01
vanguard,44:1a:fa:16:49:e3,-83,5260,28.239749,114.924397,2025-04-02 13:34:01
,44:1a:fa:16:3b:46,-55,5260,28.239749,114.924397,2025-04-02 13:34:01
crv-up,44:1a:fa:16:49:e2,-83,5260,28.239749,114.924397,2025-04-02 13:34:01
crv-rf,44:1a:fa:16:49:e1,-83,5260,28.239749,114.924397,2025-04-02 13:34:01
crv-rf,44:1a:fa:16:3b:41,-53,5260,28.239749,114.924397,2025-04-02 13:34:01
crv-up,44:1a:fa:16:3b:42,-54,5260,28.239749,114.924397,2025-04-02 13:34:01
,44:1a:fa:16:3b:47,-55,5260,28.239749,114.924397,2025-04-02 13:34:01
,4a:e5:33:19:33:78,-69,2437,28.239749,114.924397,2025-04-02 13:34:01
CRV-Scale,44:1a:fa:16:48:64,-87,5260,28.239749,114.924397,2025-04-02 13:34:01
vanguard,44:1a:fa:16:48:63,-84,5260,28.239749,114.924397,2025-04-02 13:34:01
crv-up,44:1a:fa:16:48:62,-85,5260,28.239749,114.924397,2025-04-02 13:34:01
vanguard,44:1a:fa:16:4a:23,-71,5180,28.239749,114.924397,2025-04-02 13:34:01
,44:1a:fa:16:4a:26,-71,5180,28.239749,114.924397,2025-04-02 13:34:01
crv-rf,44:1a:fa:16:31:01,-88,5260,28.239749,114.924397,2025-04-02 13:34:01
,44:1a:fa:16:4a:25,-71,5180,28.239749,114.924397,2025-04-02 13:34:01
,44:1a:fa:16:4a:27,-71,5180,28.239749,114.924397,2025-04-02 13:34:01
,44:1a:fa:16:4b:b7,-85,2412,28.239749,114.924397,2025-04-02 13:34:01
,44:1a:fa:16:4a:35,-68,2437,28.239749,114.924397,2025-04-02 13:34:01
,44:1a:fa:16:4a:37,-68,2437,28.239749,114.924397,2025-04-02 13:34:01
,44:1a:fa:16:4a:36,-70,2437,28.239749,114.924397,2025-04-02 13:34:01
crv-up,44:1a:fa:16:48:c2,-68,5745,28.239749,114.924397,2025-04-02 13:34:01
crv-rf,44:1a:fa:16:48:c1,-67,5745,28.239749,114.924397,2025-04-02 13:34:01
,58:50:ed:d7:66:f9,-89,2472,28.239749,114.924397,2025-04-02 13:34:01
小飞马,74:d2:1d:df:68:14,-69,2412,28.239749,114.924397,2025-04-02 13:34:01
,44:1a:fa:16:35:85,-85,5260,28.239749,114.924397,2025-04-02 13:34:01
CRV-Scale,44:1a:fa:16:35:84,-85,5260,28.239749,114.924397,2025-04-02 13:34:01
vanguard,44:1a:fa:16:35:83,-85,5260,28.239749,114.924397,2025-04-02 13:34:01
crv-up,44:1a:fa:16:35:82,-84,5260,28.239749,114.924397,2025-04-02 13:34:01
crv-rf,44:1a:fa:16:35:81,-85,5260,28.239749,114.924397,2025-04-02 13:34:01
,44:1a:fa:16:46:97,-67,2437,28.239749,114.924397,2025-04-02 13:34:01
,44:1a:fa:16:46:95,-72,2437,28.239749,114.924397,2025-04-02 13:34:01
CRV-Scale,44:1a:fa:16:46:94,-72,2437,28.239749,114.924397,2025-04-02 13:34:01
vanguard,44:1a:fa:16:4b:33,-61,2462,28.239749,114.924397,2025-04-02 13:34:01
CRV-Scale,44:1a:fa:16:4b:34,-60,2462,28.239749,114.924397,2025-04-02 13:34:01
,44:1a:fa:15:c3:b7,-85,2437,28.239749,114.924397,2025-04-02 13:34:01
crv-rf,44:1a:fa:16:4b:31,-61,2462,28.239749,114.924397,2025-04-02 13:34:01
crv-up,44:1a:fa:16:4b:32,-61,2462,28.239749,114.924397,2025-04-02 13:34:01
,44:1a:fa:16:4b:37,-59,2462,28.239749,114.924397,2025-04-02 13:34:01
,44:1a:fa:16:4b:35,-58,2462,28.239749,114.924397,2025-04-02 13:34:01
,44:1a:fa:15:c3:b6,-82,2437,28.239749,114.924397,2025-04-02 13:34:01
,44:1a:fa:16:4b:36,-60,2462,28.239749,114.924397,2025-04-02 13:34:01
ChinaNet-YFkW,28:9e:97:7f:70:cc,-74,2442,28.239749,114.924397,2025-04-02 13:34:01
,44:1a:fa:16:35:87,-85,5260,28.239749,114.924397,2025-04-02 13:34:01
,44:1a:fa:16:35:86,-86,5260,28.239749,114.924397,2025-04-02 13:34:01
crv-rf,44:1a:fa:16:48:d1,-61,2462,28.239749,114.924397,2025-04-02 13:34:01
,44:1a:fa:16:46:86,-72,5180,28.239749,114.924397,2025-04-02 13:34:01
,44:1a:fa:16:46:87,-71,5180,28.239749,114.924397,2025-04-02 13:34:01
CRV-Scale,44:1a:fa:16:46:84,-74,5180,28.239749,114.924397,2025-04-02 13:34:01
,44:1a:fa:16:46:85,-72,5180,28.239749,114.924397,2025-04-02 13:34:01
crv-up,44:1a:fa:16:46:82,-74,5180,28.239749,114.924397,2025-04-02 13:34:01
vanguard,44:1a:fa:16:46:83,-74,5180,28.239749,114.924397,2025-04-02 13:34:01
crv-rf,44:1a:fa:16:46:81,-71,5180,28.239749,114.924397,2025-04-02 13:34:01
CRV-Scale,44:1a:fa:16:48:c4,-67,5745,28.239749,114.924397,2025-04-02 13:34:01
vanguard,44:1a:fa:16:48:c3,-68,5745,28.239749,114.924397,2025-04-02 13:34:01
CRV-Scale,44:1a:fa:16:3b:54,-60,2462,28.239749,114.924397,2025-04-02 13:34:01
,44:1a:fa:16:3b:55,-62,2462,28.239749,114.924397,2025-04-02 13:34:01
,44:1a:fa:16:3b:56,-63,2462,28.239749,114.924397,2025-04-02 13:34:01
,44:1a:fa:16:3b:57,-61,2462,28.239749,114.924397,2025-04-02 13:34:01
crv-rf,44:1a:fa:16:3b:51,-60,2462,28.239749,114.924397,2025-04-02 13:34:01
crv-rf,44:1a:fa:16:45:41,-70,5260,28.239749,114.924397,2025-04-02 13:34:01
CRV-Scale,44:1a:fa:16:45:44,-69,5260,28.239749,114.924397,2025-04-02 13:34:01
vanguard,44:1a:fa:16:45:43,-70,5260,28.239749,114.924397,2025-04-02 13:34:01
,44:1a:fa:16:39:e7,-65,5260,28.239749,114.924397,2025-04-02 13:34:01
,44:1a:fa:16:34:37,-70,2412,28.239749,114.924397,2025-04-02 13:34:01
,44:1a:fa:16:34:36,-70,2412,28.239749,114.924397,2025-04-02 13:34:01
,44:1a:fa:16:34:35,-70,2412,28.239749,114.924397,2025-04-02 13:34:01
CRV-Scale,44:1a:fa:16:34:34,-71,2412,28.239749,114.924397,2025-04-02 13:34:01
vanguard,44:1a:fa:16:34:33,-70,2412,28.239749,114.924397,2025-04-02 13:34:01
crv-rf,44:1a:fa:16:32:81,-77,5260,28.239749,114.924397,2025-04-02 13:34:01
crv-up,44:1a:fa:16:32:82,-77,5260,28.239749,114.924397,2025-04-02 13:34:01
,44:1a:fa:16:45:35,-41,2412,28.239749,114.924397,2025-04-02 13:34:01
CRV-Scale,44:1a:fa:16:45:34,-41,2412,28.239749,114.924397,2025-04-02 13:34:01
,44:1a:fa:16:45:37,-41,2412,28.239749,114.924397,2025-04-02 13:34:01
crv-up,44:1a:fa:16:39:e2,-60,5260,28.239749,114.924397,2025-04-02 13:34:01
,44:1a:fa:16:45:36,-41,2412,28.239749,114.924397,2025-04-02 13:34:01
crv-rf,44:1a:fa:16:39:e1,-59,5260,28.239749,114.924397,2025-04-02 13:34:01
crv-rf,44:1a:fa:16:45:31,-42,2412,28.239749,114.924397,2025-04-02 13:34:01
CRV-Scale,44:1a:fa:16:39:e4,-60,5260,28.239749,114.924397,2025-04-02 13:34:01
vanguard,44:1a:fa:16:39:e3,-59,5260,28.239749,114.924397,2025-04-02 13:34:01
vanguard,44:1a:fa:16:45:33,-41,2412,28.239749,114.924397,2025-04-02 13:34:01
,44:1a:fa:16:39:e6,-66,5260,28.239749,114.924397,2025-04-02 13:34:01
crv-up,44:1a:fa:16:45:32,-40,2412,28.239749,114.924397,2025-04-02 13:34:01
,44:1a:fa:16:39:e5,-65,5260,28.239749,114.924397,2025-04-02 13:34:01
,44:1a:fa:16:32:87,-77,5260,28.239749,114.924397,2025-04-02 13:34:01
,44:1a:fa:16:32:85,-77,5260,28.239749,114.924397,2025-04-02 13:34:01
,44:1a:fa:16:32:86,-77,5260,28.239749,114.924397,2025-04-02 13:34:01
vanguard,44:1a:fa:16:32:83,-74,5260,28.239749,114.924397,2025-04-02 13:34:01
CRV-Scale,44:1a:fa:16:32:84,-74,5260,28.239749,114.924397,2025-04-02 13:34:01
crv-up,44:1a:fa:16:4b:22,-54,5745,28.239749,114.924397,2025-04-02 13:34:01
vanguard,44:1a:fa:16:4b:23,-54,5745,28.239749,114.924397,2025-04-02 13:34:01
crv-rf,44:1a:fa:16:4b:21,-55,5745,28.239749,114.924397,2025-04-02 13:34:01
CRV-Scale,44:1a:fa:16:4b:24,-54,5745,28.239749,114.924397,2025-04-02 13:34:01
crv-rf,44:1a:fa:16:4b:a1,-83,5745,28.239749,114.924397,2025-04-02 13:34:01
crv-up,44:1a:fa:16:4b:a2,-82,5745,28.239749,114.924397,2025-04-02 13:34:01
,44:1a:fa:16:4b:a5,-83,5745,28.239749,114.924397,2025-04-02 13:34:01
,44:1a:fa:16:4b:a6,-82,5745,28.239749,114.924397,2025-04-02 13:34:01
vanguard,44:1a:fa:16:4b:a3,-84,5745,28.239749,114.924397,2025-04-02 13:34:01
CRV-Scale,44:1a:fa:16:4b:a4,-83,5745,28.239749,114.924397,2025-04-02 13:34:01
ChinaNet-iTV-YFkW,2a:9e:97:1f:70:cc,-75,2442,28.239749,114.924397,2025-04-02 13:34:01
,44:1a:fa:16:4b:a7,-82,5745,28.239749,114.924397,2025-04-02 13:34:01
,44:1a:fa:16:31:07,-88,5260,28.239749,114.924397,2025-04-02 13:34:01
MOWiFi_2.4G_8F94,e8:91:20:fa:8f:95,-69,2442,28.239749,114.924397,2025-04-02 13:34:01
,44:1a:fa:16:31:06,-88,5260,28.239749,114.924397,2025-04-02 13:34:01
vanguard,44:1a:fa:16:31:03,-88,5260,28.239749,114.924397,2025-04-02 13:34:01
crv-up,44:1a:fa:16:31:02,-89,5260,28.239749,114.924397,2025-04-02 13:34:01
crv-up,44:1a:fa:16:4a:22,-73,5180,28.239749,114.924397,2025-04-02 13:34:01
,44:1a:fa:16:31:05,-89,5260,28.239749,114.924397,2025-04-02 13:34:01
crv-rf,44:1a:fa:16:4a:21,-73,5180,28.239749,114.924397,2025-04-02 13:34:01
CRV-Scale,44:1a:fa:16:31:04,-88,5260,28.239749,114.924397,2025-04-02 13:34:01
CRV-Scale,44:1a:fa:16:4a:24,-73,5180,28.239749,114.924397,2025-04-02 13:34:01
CRV-Scale,44:1a:fa:16:45:24,-44,5745,28.239749,114.924397,2025-04-02 13:34:01
vanguard,44:1a:fa:16:45:23,-43,5745,28.239749,114.924397,2025-04-02 13:34:01
,44:1a:fa:15:c5:47,-55,5180,28.239749,114.924397,2025-04-02 13:34:01
CRV-Scale,44:1a:fa:15:c5:44,-56,5180,28.239749,114.924397,2025-04-02 13:34:01
vanguard,44:1a:fa:15:c5:43,-56,5180,28.239749,114.924397,2025-04-02 13:34:01
bake,ec:6c:9f:a2:e5:10,-84,2412,28.239749,114.924397,2025-04-02 13:34:01
crv-up,44:1a:fa:16:45:22,-43,5745,28.239749,114.924397,2025-04-02 13:34:01
,44:1a:fa:15:c5:46,-55,5180,28.239749,114.924397,2025-04-02 13:34:01
crv-rf,44:1a:fa:16:45:21,-42,5745,28.239749,114.924397,2025-04-02 13:34:01
,44:1a:fa:15:c5:45,-55,5180,28.239749,114.924397,2025-04-02 13:34:01
vanguard,44:1a:fa:15:c5:53,-55,2412,28.239749,114.924397,2025-04-02 13:34:01
crv-up,44:1a:fa:15:c5:52,-55,2412,28.239749,114.924397,2025-04-02 13:34:01
CMCC-7Ed5,48:e5:33:49:33:78,-70,2437,28.239749,114.924397,2025-04-02 13:34:01
CRV-Scale,44:1a:fa:16:44:f4,-72,2437,28.239749,114.924397,2025-04-02 13:34:01
crv-rf,44:1a:fa:16:44:f1,-74,2437,28.239749,114.924397,2025-04-02 13:34:01
国色天香_5G,02:9f:84:bc:18:c6,-83,5220,28.239749,114.924397,2025-04-02 13:34:01
crv-up,44:1a:fa:15:c5:42,-55,5180,28.239749,114.924397,2025-04-02 13:34:01
crv-rf,44:1a:fa:15:c5:41,-55,5180,28.239749,114.924397,2025-04-02 13:34:01
,44:1a:fa:16:45:46,-70,5260,28.239749,114.924397,2025-04-02 13:34:01
,44:1a:fa:16:45:45,-70,5260,28.239749,114.924397,2025-04-02 13:34:01
vanguard,44:1a:fa:16:39:f3,-65,2462,28.239749,114.924397,2025-04-02 13:34:01
,44:1a:fa:16:45:47,-70,5260,28.239749,114.924397,2025-04-02 13:34:01
crv-up,44:1a:fa:16:45:42,-69,5260,28.239749,114.924397,2025-04-02 13:34:01
CRV-Scale,44:1a:fa:16:39:f4,-59,2462,28.239749,114.924397,2025-04-02 13:34:01
